{"cameraMode":{"drawMode":0,"name":"Shaded","section":"Shading Mode"},"sceneLighting":true,"audioPlay":false,"sceneViewState":{"showFog":true,"showMaterialUpdate":false,"showSkybox":true,"showFlares":true,"showImageEffects":true,"showParticleSystems":true},"in2DMode":false,"pivot":{"x":-1.039991855621338,"y":-4.47347354888916,"z":-3.8191757202148439},"rotation":{"x":0.33107611536979678,"y":0.3100779950618744,"z":-0.11618364602327347,"w":0.8835989832878113},"size":15.3428316116333,"orthographic":false}