{"cameraMode":{"drawMode":0,"name":"Shaded","section":"Shading Mode"},"sceneLighting":true,"audioPlay":false,"sceneViewState":{"showFog":true,"showMaterialUpdate":false,"showSkybox":true,"showFlares":true,"showImageEffects":true,"showParticleSystems":true},"in2DMode":false,"pivot":{"x":1.674547553062439,"y":-4.430270195007324,"z":1.8509185314178467},"rotation":{"x":0.49199140071868899,"y":0.2353934943675995,"z":-0.14014369249343873,"w":0.826378583908081},"size":8.792020797729493,"orthographic":false}