{"cameraMode":{"drawMode":0,"name":"Shaded","section":"Shading Mode"},"sceneLighting":true,"audioPlay":false,"sceneViewState":{"showFog":true,"showMaterialUpdate":false,"showSkybox":true,"showFlares":true,"showImageEffects":true,"showParticleSystems":true},"in2DMode":false,"pivot":{"x":3.678635358810425,"y":-0.8346035480499268,"z":2.2286062240600588},"rotation":{"x":0.27242040634155276,"y":0.024532312527298929,"z":-0.006948274560272694,"w":0.9618414640426636},"size":10.050323486328125,"orthographic":false}