{"cameraMode":{"drawMode":0,"name":"Shaded","section":"Shading Mode"},"sceneLighting":true,"audioPlay":false,"sceneViewState":{"showFog":true,"showMaterialUpdate":false,"showSkybox":true,"showFlares":true,"showImageEffects":true,"showParticleSystems":true},"in2DMode":false,"pivot":{"x":-57.17841339111328,"y":-229.2877197265625,"z":-52.43211364746094},"rotation":{"x":0.23605409264564515,"y":-0.7489070296287537,"z":0.5156581401824951,"w":0.3428240418434143},"size":266.7072448730469,"orthographic":false}