{"cameraMode":{"drawMode":0,"name":"Shaded","section":"Shading Mode"},"sceneLighting":true,"audioPlay":false,"sceneViewState":{"showFog":true,"showMaterialUpdate":false,"showSkybox":true,"showFlares":true,"showImageEffects":true,"showParticleSystems":true},"in2DMode":false,"pivot":{"x":2.0704944133758547,"y":-4.209517955780029,"z":-3.6774091720581056},"rotation":{"x":0.2839727997779846,"y":-0.02013368159532547,"z":0.005964489653706551,"w":0.9586049914360046},"size":30.28974151611328,"orthographic":false}