{"cameraMode":{"drawMode":0,"name":"Shaded","section":"Shading Mode"},"sceneLighting":true,"audioPlay":false,"sceneViewState":{"showFog":true,"showMaterialUpdate":false,"showSkybox":true,"showFlares":true,"showImageEffects":true,"showParticleSystems":true},"in2DMode":false,"pivot":{"x":2.107194423675537,"y":-0.5439862012863159,"z":-2.3773856163024904},"rotation":{"x":0.3325309753417969,"y":-0.008487749844789505,"z":0.0029929496813565494,"w":0.9430519342422485},"size":13.458045959472657,"orthographic":false}