{"cameraMode":{"drawMode":0,"name":"Shaded","section":"Shading Mode"},"sceneLighting":false,"audioPlay":false,"sceneViewState":{"showFog":true,"showMaterialUpdate":false,"showSkybox":true,"showFlares":true,"showImageEffects":true,"showParticleSystems":true},"in2DMode":false,"pivot":{"x":0.008568018674850464,"y":0.656309962272644,"z":0.11848092079162598},"rotation":{"x":0.3662705719470978,"y":-0.0027915288228541614,"z":0.0010987762361764908,"w":0.9305038452148438},"size":4.441545486450195,"orthographic":false}