{"cameraMode":{"drawMode":0,"name":"Shaded","section":"Shading Mode"},"sceneLighting":false,"audioPlay":false,"sceneViewState":{"showFog":true,"showMaterialUpdate":false,"showSkybox":true,"showFlares":true,"showImageEffects":true,"showParticleSystems":true},"in2DMode":false,"pivot":{"x":0.22877615690231324,"y":0.6779311895370483,"z":-0.5635156631469727},"rotation":{"x":0.3747417628765106,"y":-0.15602463483810426,"z":0.06413277238607407,"w":0.9116594791412354},"size":5.965743064880371,"orthographic":false}