{"cameraMode":{"drawMode":0,"name":"Shaded","section":"Shading Mode"},"sceneLighting":true,"audioPlay":false,"sceneViewState":{"showFog":true,"showMaterialUpdate":false,"showSkybox":true,"showFlares":true,"showImageEffects":true,"showParticleSystems":true},"in2DMode":false,"pivot":{"x":1.937565803527832,"y":0.3031100034713745,"z":0.8718308210372925},"rotation":{"x":0.4810807704925537,"y":-0.4525866210460663,"z":0.3207193613052368,"w":0.6788812279701233},"size":9.195374488830567,"orthographic":false}