{"cameraMode":{"drawMode":0,"name":"Shaded","section":"Shading Mode"},"sceneLighting":true,"audioPlay":false,"sceneViewState":{"showFog":true,"showMaterialUpdate":false,"showSkybox":true,"showFlares":true,"showImageEffects":true,"showParticleSystems":true},"in2DMode":false,"pivot":{"x":-2.0170071125030519,"y":0.6499999761581421,"z":1.9304399490356446},"rotation":{"x":0.2747665345668793,"y":0.3407190144062042,"z":-0.1048363447189331,"w":0.8929881453514099},"size":5.067779064178467,"orthographic":true}