{"cameraMode":{"drawMode":0,"name":"Shaded","section":"Shading Mode"},"sceneLighting":true,"audioPlay":false,"sceneViewState":{"showFog":true,"showMaterialUpdate":false,"showSkybox":true,"showFlares":true,"showImageEffects":true,"showParticleSystems":true},"in2DMode":false,"pivot":{"x":228.8117218017578,"y":116.10466003417969,"z":308.93218994140627},"rotation":{"x":0.09135199338197708,"y":-0.020910719409585,"z":0.001918812282383442,"w":0.9955993890762329},"size":1127.1597900390625,"orthographic":false}