{"cameraMode":{"drawMode":0,"name":"Shaded","section":"Shading Mode"},"sceneLighting":true,"audioPlay":false,"sceneViewState":{"showFog":true,"showMaterialUpdate":false,"showSkybox":true,"showFlares":true,"showImageEffects":true,"showParticleSystems":true},"in2DMode":false,"pivot":{"x":-1.036500096321106,"y":0.5,"z":0.12000012397766113},"rotation":{"x":0.19065114855766297,"y":0.6775195002555847,"z":-0.18860295414924622,"w":0.6848737597465515},"size":8.805624008178711,"orthographic":true}