{"cameraMode":{"drawMode":0,"name":"Shaded","section":"Shading Mode"},"sceneLighting":true,"audioPlay":false,"sceneViewState":{"showFog":true,"showMaterialUpdate":false,"showSkybox":true,"showFlares":true,"showImageEffects":true,"showParticleSystems":true},"in2DMode":false,"pivot":{"x":-0.017007187008857728,"y":0.6499999761581421,"z":-0.06956005096435547},"rotation":{"x":0.11802072823047638,"y":0.05805673822760582,"z":-0.00691176624968648,"w":0.9912896752357483},"size":3.583714246749878,"orthographic":true}