{"cameraMode":{"drawMode":0,"name":"Shaded","section":"Shading Mode"},"sceneLighting":true,"audioPlay":false,"sceneViewState":{"showFog":true,"showMaterialUpdate":false,"showSkybox":true,"showFlares":true,"showImageEffects":true,"showParticleSystems":true},"in2DMode":false,"pivot":{"x":-2.0170071125030519,"y":0.6499999761581421,"z":-2.0695600509643556},"rotation":{"x":0.4782499074935913,"y":-0.04869421198964119,"z":0.026570381596684457,"w":0.8764728307723999},"size":1310.6221923828125,"orthographic":false}