{"cameraMode":{"drawMode":0,"name":"Shaded","section":"Shading Mode"},"sceneLighting":false,"audioPlay":false,"sceneViewState":{"showFog":true,"showMaterialUpdate":false,"showSkybox":true,"showFlares":true,"showImageEffects":true,"showParticleSystems":true},"in2DMode":false,"pivot":{"x":2.0170071125030519,"y":0.6499999761581421,"z":-1.9188036918640137},"rotation":{"x":0.2905486822128296,"y":0.3070480227470398,"z":-0.0990331843495369,"w":0.900830864906311},"size":4.078723430633545,"orthographic":true}