{"cameraMode":{"drawMode":0,"name":"Shaded","section":"Shading Mode"},"sceneLighting":true,"audioPlay":false,"sceneViewState":{"showFog":true,"showMaterialUpdate":false,"showSkybox":true,"showFlares":true,"showImageEffects":true,"showParticleSystems":true},"in2DMode":false,"pivot":{"x":1.0719223022460938,"y":-0.583984375,"z":-2.04150390625},"rotation":{"x":0.19023080170154572,"y":0.0029452110175043346,"z":-0.0005706980591639876,"w":0.981735110282898},"size":6.590171813964844,"orthographic":true}